INSERT INTO `departments` (`department_id`, `name`, `subdepartment_id`, `public`, `main`) VALUES
(1, 'Директор', 0, 0, 1),
(2, 'Канцелярія', 1, 0, 0),
(3, 'Бухгалтерія', 1, 1, 0),
(4, 'Заступник директора з навчальної роботи', 1, 0, 0),
(5, 'Заступник директора з навчально-виробничої роботи', 1, 0, 0),
(6, 'Заступник директора з виховної роботи', 1, 0, 0),
(7, 'Заступник директора з адміністративно-господарської роботи', 1, 0, 0),
(16, 'Відділ кадрів', 1, 0, 0),
(17, 'Приймальна комісія', 4, 0, 0),
(18, 'Центр працевлаштування', 4, 0, 0),
(19, 'Навчальна частина', 4, 0, 0),
(20, 'Методкабінет', 4, 0, 0),
(21, 'Методист', 4, 0, 0),
(22, 'Завідуючий відділенням', 4, 0, 0),
(23, 'Зав. навчально-виробничої практики', 5, 0, 0),
(24, 'Циклова комісія', 5, 0, 0),
(25, 'Зав. навчально-метод. лаборатор.', 5, 0, 0),
(26, 'Бібліотека', 5, 0, 0),
(27, 'Керівник гуртків', 6, 0, 0),
(28, 'Психологічна група', 6, 0, 0),
(29, 'Соціальна служба', 6, 0, 0),
(30, 'Центр підготовки кваліфікованих робітників', 7, 0, 0),
(31, 'Енергетик', 7, 0, 0),
(32, 'Зав. госп.', 7, 0, 0),
(33, 'ЄДЕБО', 19, 0, 0),
(34, 'Диспетчер', 19, 0, 0),
(35, 'Секретар', 19, 0, 0),
(36, 'Циклова комісія', 22, 0, 0),
(37, 'Керівник групи', 22, 0, 0),
(39, 'Викладач', 36, 0, 0);

INSERT INTO `departments_permitted` (`permit_id`, `department_id`, `permission_id`) VALUES
(8, 1, 1),
(9, 3, 2),
(10, 4, 1),
(11, 5, 1),
(12, 6, 1),
(13, 7, 1);

INSERT INTO `roles` (`post_id`, `name`) VALUES
(1, 'Диспетчер'),
(2, 'Секретар'),
(3, 'Викладач'),
(4, 'Керівник групи'),
(5, 'Керівник практики'),
(6, 'Працівник');

INSERT INTO `users_groups` (`group_id`, `name`) VALUES
(1, 'Адміністратор'),
(2, 'Секретар'),
(3, 'Архіваріус'),
(4, 'Директор'),
(5, 'Заступник директора');

INSERT INTO `users_groups_permissions` (`permission_id`, `name`, `description`) VALUES
(1, 'handle_archive', 'Управління архівом'),
(2, 'handle_decrees', 'Управління наказами');

INSERT INTO `users_groups_permitted` (`permit_id`, `group_id`, `permission_id`) VALUES
(5, 3, 1),
(6, 4, 2),
(7, 5, 2),
(8, 3, 2);


ALTER TABLE `departments` AUTO_INCREMENT = 40;
ALTER TABLE `departments_permitted` AUTO_INCREMENT = 14;
ALTER TABLE `roles` AUTO_INCREMENT = 7;
ALTER TABLE `users_groups` AUTO_INCREMENT = 6;
ALTER TABLE `users_groups_permissions` AUTO_INCREMENT = 3;
ALTER TABLE `users_groups_permitted` AUTO_INCREMENT = 9;